l,a,s,t,n,a,m,e
f,i,r,s,t,n,a,m,e
s,u,r,n,a,m,e
o,r,g,a,n,i,z,a,t,i,o,n
p,o,s,i,t,i,o,n
p,h,o,n,e
e,m,a,i,l
l,a,s,t,n,a,m,e
f,i,r,s,t,n,a,m,e
s,u,r,n,a,m,e
o,r,g,a,n,i,z,a,t,i,o,n
p,o,s,i,t,i,o,n
p,h,o,n,e
e,m,a,i,l
l,a,s,t,n,a,m,e
f,i,r,s,t,n,a,m,e
s,u,r,n,a,m,e
o,r,g,a,n,i,z,a,t,i,o,n
p,o,s,i,t,i,o,n
p,h,o,n,e
e,m,a,i,l
l,a,s,t,n,a,m,e
f,i,r,s,t,n,a,m,e
s,u,r,n,a,m,e
o,r,g,a,n,i,z,a,t,i,o,n
p,o,s,i,t,i,o,n
p,h,o,n,e
e,m,a,i,l
l,a,s,t,n,a,m,e
f,i,r,s,t,n,a,m,e
s,u,r,n,a,m,e
o,r,g,a,n,i,z,a,t,i,o,n
p,o,s,i,t,i,o,n
p,h,o,n,e
e,m,a,i,l
l,a,s,t,n,a,m,e
f,i,r,s,t,n,a,m,e
s,u,r,n,a,m,e
o,r,g,a,n,i,z,a,t,i,o,n
p,o,s,i,t,i,o,n
p,h,o,n,e
e,m,a,i,l
l,a,s,t,n,a,m,e
f,i,r,s,t,n,a,m,e
s,u,r,n,a,m,e
o,r,g,a,n,i,z,a,t,i,o,n
p,o,s,i,t,i,o,n
p,h,o,n,e
e,m,a,i,l
l,a,s,t,n,a,m,e
f,i,r,s,t,n,a,m,e
s,u,r,n,a,m,e
o,r,g,a,n,i,z,a,t,i,o,n
p,o,s,i,t,i,o,n
p,h,o,n,e
e,m,a,i,l
l,a,s,t,n,a,m,e
f,i,r,s,t,n,a,m,e
s,u,r,n,a,m,e
o,r,g,a,n,i,z,a,t,i,o,n
p,o,s,i,t,i,o,n
p,h,o,n,e
e,m,a,i,l
l,a,s,t,n,a,m,e
f,i,r,s,t,n,a,m,e
s,u,r,n,a,m,e
o,r,g,a,n,i,z,a,t,i,o,n
p,o,s,i,t,i,o,n
p,h,o,n,e
e,m,a,i,l
